序号	提交	父提交	原始标题
1	61792e9a8a6604028fe9fa821cfd149622b940eb	60996fd69eaae91e50c1460a110b4d005ae16eaf	server: fix inaccurate WriteSQLRespDuration (#69536)
2	ab7d93b603ba83d398d1b9b0063c78eceaacfc20	61792e9a8a6604028fe9fa821cfd149622b940eb	store/copr: add RC paging pre-charge EMA and PredictedReadBytes hint (#67941)
3	d0dfde35b7279221642fcab69fa59cf567054383	ab7d93b603ba83d398d1b9b0063c78eceaacfc20	ddl: load cloud storage before picking add-index backfill (#69733)
4	869ace8fd24a81c485c3458cbe4f2be437d1dffc	d0dfde35b7279221642fcab69fa59cf567054383	bazel: upgrade Bazel rules dependencies (#69655)
5	52f7a7a3e65823326a723a17aacc863be16743f4	869ace8fd24a81c485c3458cbe4f2be437d1dffc	stats: expose analyze bucket and TopN defaults (#69724)
6	96dc7adec0342fa78d1f7a1355cddcc329af19f8	52f7a7a3e65823326a723a17aacc863be16743f4	ddl: tolerate missing masking policy table during upgrade (#69531)
7	4894ac09c74a1fe3bff90ad0f48614ac4b7d64e9	96dc7adec0342fa78d1f7a1355cddcc329af19f8	dxf: expose history task errors in HTTP API (#69739)
8	7792234686d3978186bb9f932ade9faadaadcee9	4894ac09c74a1fe3bff90ad0f48614ac4b7d64e9	ddl: support storage class table attributes (#69605)
9	59ca78807ec82f172bd87e822d4ba365ddc0951e	7792234686d3978186bb9f932ade9faadaadcee9	stmtsummary: fix AVG_ROCKSDB_* columns returning subnormal floats (#69708)
10	b94006d3abffd428634ecc5c499f4bcb7b4d06d1	59ca78807ec82f172bd87e822d4ba365ddc0951e	metrics: expose IA remote-read scan details (#69606)
11	59f6e85cd01756d53f799c33afba0a185d956d3f	b94006d3abffd428634ecc5c499f4bcb7b4d06d1	importinto: make dangling import jobs cancellable (#69701)
12	3268b6550f81d48b3ed49cf8d144686d84198f41	59f6e85cd01756d53f799c33afba0a185d956d3f	importinto: propagate conflict deletion commit errors (#69795)
13	c50aae2b1b2caf375fe392b22cc4c0cb57726e6f	3268b6550f81d48b3ed49cf8d144686d84198f41	pkg/objstore: suppress expected S3 region redirect warning (#69551)
14	b8d04e17a2ca61eee1220c5ce2d641a376f75e9b	c50aae2b1b2caf375fe392b22cc4c0cb57726e6f	session: revert enabling ANALYZE background resource control by default (#69809)
15	2964713e267eac6eab92c4be53e9ad0641df2e9f	b8d04e17a2ca61eee1220c5ce2d641a376f75e9b	executor: disable pessimistic retry for LOAD DATA LOCAL INFILE (#69797)
16	7d70c1c438198658815e3510027839bfd298274f	2964713e267eac6eab92c4be53e9ad0641df2e9f	dxf: classify data errors in finished task metric (#69507)
17	5d6fdbe6f5502ecb86a060b6d9719aeb7bf826a9	7d70c1c438198658815e3510027839bfd298274f	*: add aggregate functions min_count and max_count (#69642)
18	1750c20993e2a41366d23606cd023ec7dc9bbc69	5d6fdbe6f5502ecb86a060b6d9719aeb7bf826a9	external workload: wire GCV2 coordination (#69521)
19	92fc143fe36b2db592fe6600e3fdca371dd177d2	1750c20993e2a41366d23606cd023ec7dc9bbc69	ddl: prevent partial ADD INDEX plans after transient TSO errors (#69834)
20	10292a4f8697f6fe7ae3965f3ebd6656c1ab37ed	92fc143fe36b2db592fe6600e3fdca371dd177d2	session: use resource group runtime state for paging (#69633)
21	d3b2df32e6d19aa3b6720d196d60dd785aed380c	10292a4f8697f6fe7ae3965f3ebd6656c1ab37ed	objstore, importer: redact cloud storage URI in bucket errors (#68929)
22	a37e3590516f7d359c531f0338c8028eb5b5601b	d3b2df32e6d19aa3b6720d196d60dd785aed380c	server, session: add connection lifecycle and ALTER DATABASE logs (#69848)
23	7ab6def534c52abe7def7280f6fee6718c46cdce	a37e3590516f7d359c531f0338c8028eb5b5601b	dxf, server: batch history transfer and bound task cleanup (#69811)
24	f994e8da27712f3f48a290177f1d851ad9de9f28	7ab6def534c52abe7def7280f6fee6718c46cdce	planner: build secondary index scan ranges from clustered PK predicates (#69745)
25	531e40cd25989404f9fd1f51cddf278326983af1	f994e8da27712f3f48a290177f1d851ad9de9f28	session: initialize masking policy table before upgrade DDL (#69763)
26	8c9b48508c882bb32a80880221b6c68bf0506af6	531e40cd25989404f9fd1f51cddf278326983af1	planner: warn when bindings overwrite manual hints in EXPLAIN (#68697)
27	81ad013dbac0d59fdd09a14203494e2fbbd5c8d8	8c9b48508c882bb32a80880221b6c68bf0506af6	ddl: enable ALTER TABLE COMPRESSION=NONE (no ops) (#62305)
28	d573e284da773c820c1c313105b73d587378381b	81ad013dbac0d59fdd09a14203494e2fbbd5c8d8	objstore: support GCS S3-compatible signing (#69721)
29	94b834d94b604b1940ecc2c3064168337863269d	d573e284da773c820c1c313105b73d587378381b	planner: keep pruned index estimation ranges valid (#69747)
30	57b5f2268096ba75eee34c930d6464339460ced7	94b834d94b604b1940ecc2c3064168337863269d	dxf: avoid exposing sensitive task error messages in history API (#69863)
31	9fed09dc9d58478054796577cb7aaea71410b455	57b5f2268096ba75eee34c930d6464339460ced7	session: support starter bootstrap file (#69525)
32	66be7a615be13b90a22fa36606e0258de76d95f7	9fed09dc9d58478054796577cb7aaea71410b455	dxf, importinto: compare subtask task IDs as strings (#69884)
33	cae12c198614b0bbdaace7016153fc4357dd06b4	66be7a615be13b90a22fa36606e0258de76d95f7	sessionctx: default paging size bytes to 4 MiB (#69868)
34	75ada2163c3ade6bfc865dd8df6369faefa5b529	cae12c198614b0bbdaace7016153fc4357dd06b4	bindinfo: skip binding match for insert values (#69937)
35	a9e28f252ed791195db9599e2ab89659368035dd	75ada2163c3ade6bfc865dd8df6369faefa5b529	session: reserve bootstrap versions for release-nextgen-202603 (#69886)
36	3332762af455ebbc480392d386aed4591d1400ff	a9e28f252ed791195db9599e2ab89659368035dd	server: add logging for profiling requests (#69897)
37	5db8029fe080f28b01f3929bcd4fc6b89c1cb7a9	3332762af455ebbc480392d386aed4591d1400ff	metrics: fix resource control failed query instance filter (#69103)
38	ff7d45bc8a6afb0b0d1ced3afd9cacdb2090a6a0	5db8029fe080f28b01f3929bcd4fc6b89c1cb7a9	test: stabilize flaky TestTwoStates (#69400)
39	b4d328faa5378056bcb2a4f14066eea565c3f1c4	ff7d45bc8a6afb0b0d1ced3afd9cacdb2090a6a0	test: stabilize flaky TestMemoryUsageAndOpsHistory (#69535)
40	12d24af9894ed17bf98ffdf2cb61baf2c77664e9	b4d328faa5378056bcb2a4f14066eea565c3f1c4	planner: credit appended handle predicates in index row count estimation (#69749)
41	5ccce269d2b12e51b2b235273447284e2826d162	12d24af9894ed17bf98ffdf2cb61baf2c77664e9	planner: fix the global binding is not working when using Prepared Statement with "select ... as col ... group by col" (#69766)
42	f1be26c3f1c6c4865c6eac890dd11108451bff61	5ccce269d2b12e51b2b235273447284e2826d162	server: restore session on change user auth failure (#69692)
43	130cbb64478a9d4cbc50663fd01cdd563a58e78a	f1be26c3f1c6c4865c6eac890dd11108451bff61	dxf: batch cleanup for IMPORT INTO tasks (#69901)
44	61dae40277793b8b107bde261bee324564775d0c	130cbb64478a9d4cbc50663fd01cdd563a58e78a	*: bump arrow-go and update replacement (#69461)
45	955fd6550b68511ea5712290ac20592330ed38de	61dae40277793b8b107bde261bee324564775d0c	ingest: propagate context cancellation from local import (#69954)
46	9812c894b32e452fe8caf3df8f3f54d478411410	955fd6550b68511ea5712290ac20592330ed38de	test: stabilize flaky TestDeliverOrderAndCleanup (#69390)
47	ce53f1c50aacc4419ac70582d604e996c527caac	9812c894b32e452fe8caf3df8f3f54d478411410	importinto: fix cancel race before DXF task commit (#69968)
48	b36863fbed7dbf2947bb6550b78c065ba0b495d4	ce53f1c50aacc4419ac70582d604e996c527caac	inference: add embedding provider foundation (#69903)
49	e35ad93664b36eeab96fb78f254dd611078c4867	b36863fbed7dbf2947bb6550b78c065ba0b495d4	*: enable global memory arbitration in priority mode by default (#69638)
50	ed2376acc6e0feeff9f3e2c38db489727933aa80	e35ad93664b36eeab96fb78f254dd611078c4867	server: limit accumulated COM_STMT_SEND_LONG_DATA size (#69694)
51	e09d2bdaa0826f488b03c77bb86ba1486863fb78	ed2376acc6e0feeff9f3e2c38db489727933aa80	dxf, importinto: improve cleanup throughput (#69976)
52	a942e4684f4346e8f3b1b4985dfbba38ae6305e2	e09d2bdaa0826f488b03c77bb86ba1486863fb78	*: remove hard-coded Hawkingrei Bazel cache (#69994)
53	7f48017da68d7090710917f7d9703ae9d04cc8b5	a942e4684f4346e8f3b1b4985dfbba38ae6305e2	objstore: abort GCS multipart upload on error path (#69988)
54	4fc95de7828731748cbdaf32cb1ceaebfc70d139	7f48017da68d7090710917f7d9703ae9d04cc8b5	dumpformat: extract CSV framing from dumpling (#69187)
55	0b84b155df1935401e2db4d2c28b833cae45c2f8	4fc95de7828731748cbdaf32cb1ceaebfc70d139	objstore: add concurrent Azure block upload (#69887)
56	231dad5225f0d3c9cf38d4ab7ebc03a5326785c7	0b84b155df1935401e2db4d2c28b833cae45c2f8	br: clean up global memory arbitrator before goleak check (#70019)
57	05b396fb6636f73b3bc06b09107cf43f2c725c35	231dad5225f0d3c9cf38d4ab7ebc03a5326785c7	executor: expose read pool task details in diagnostics (#69971)
58	fe1f4b41b44084068ad06234c37e0d90a3d9af2f	05b396fb6636f73b3bc06b09107cf43f2c725c35	server: warn when the advertised status endpoint cannot identify the same TiDB (#69880)
59	abee9ede0da53760cbcbfa8eaf6a877c2ef273eb	fe1f4b41b44084068ad06234c37e0d90a3d9af2f	br: Adjust restore concurrency and tikv config (#69590)
60	6bc5d4ccbac9f0f36ebd05af4db98768a00f2467	abee9ede0da53760cbcbfa8eaf6a877c2ef273eb	sessionctx: restore tidb_paging_size_bytes default to 0 (#70052)
61	c11efc57f0eaa8f2615a70b7e344dae32ba351bf	6bc5d4ccbac9f0f36ebd05af4db98768a00f2467	inference: add embedding provider adapters (#69981)
62	bd29ad1ac3fd0b0240b44961a1e9592fb3ae7f63	c11efc57f0eaa8f2615a70b7e344dae32ba351bf	ddl: fix alter index visibility suffix collision (#70056)
63	e2328629e1198d0695336a2c79d26c73df24c144	bd29ad1ac3fd0b0240b44961a1e9592fb3ae7f63	br: retry in peer if grpc cancelled (#69401)
64	8bab3c26d76ed27402138d5e26f5fd0ef7ee4898	e2328629e1198d0695336a2c79d26c73df24c144	util: fix incorrect statement summary Others rows (#69914)
65	2ddad9e3a5cf6c876e2d57e3b5bc76629f385e4a	8bab3c26d76ed27402138d5e26f5fd0ef7ee4898	session: retry waiting for SYSTEM keyspace bootstrap (#70085)
66	f0599c2f6ccc6b3f2fb2f741c73c2d8a165c5827	2ddad9e3a5cf6c876e2d57e3b5bc76629f385e4a	ddl: add RestoreWithoutTableName flag for modify column generated expression (#66233) (#69934)
67	ab4e1dcf9647df69307f6a17f9361480b67f62d7	f0599c2f6ccc6b3f2fb2f741c73c2d8a165c5827	memory: avoid panic when memory consumption races with tracker detachment (#70058)
68	874bb79fa2f0a3f7f50f96af26842dc6fe78ee2f	ab4e1dcf9647df69307f6a17f9361480b67f62d7	parser, sessionctx: add gated FULL OUTER JOIN syntax (#69999)
69	ab79433f43c687b0890beb815754f49896df9a77	874bb79fa2f0a3f7f50f96af26842dc6fe78ee2f	importer, mydump: preload small parquet files in a single read (#68250)
70	712972cc18b0b9d7afb0823d6db5a7a1adc5bfcc	ab79433f43c687b0890beb815754f49896df9a77	*: remove stale agent test maps and development notes (#70200)
71	22fd1ac756eb4596e17bdadff451326f303ca07e	712972cc18b0b9d7afb0823d6db5a7a1adc5bfcc	planner: discount equality-bound clustered-key prefix in index pruning (#69726)
72	a96506e2ad7dcc3351db0966e600780ae6e76692	22fd1ac756eb4596e17bdadff451326f303ca07e	importinto: fix conflict row identity and MVI deduplication (#70076)
73	2d30398a5f4977b04044d2493fbc2863788937dd	a96506e2ad7dcc3351db0966e600780ae6e76692	planner: stop running cascades planner test rounds (#70182)
74	e2b6ce7333c049af9a8cfb49219fa80d657c18ce	2d30398a5f4977b04044d2493fbc2863788937dd	*: fix parser parentheses depth dos (#70190)
75	2f3246dadb64e7148e19d8b510a7228b8c24108c	e2b6ce7333c049af9a8cfb49219fa80d657c18ce	memory: mark approximate pool allocation reads as norace (#70205)
76	87a27abf1bbbce4599ab20f0a1517c01a1183f01	2f3246dadb64e7148e19d8b510a7228b8c24108c	planner: remove intest.Assert(ok) that could panic during concurrent DDL (#69681)
77	93f713cf551f3b9c39c4840462d2c5c88ef465d1	87a27abf1bbbce4599ab20f0a1517c01a1183f01	statistics: split OutOfRangeRowCount into count-independent shape and scaling (#70178)
78	dfcce0b5971f003623fa14d90ffcb7c0c888c558	93f713cf551f3b9c39c4840462d2c5c88ef465d1	test: stabilize flaky TestInsertIntoTTLTask (#68665)
79	c713240c70d5d567f6ef6e526c6eebc5a5942d11	dfcce0b5971f003623fa14d90ffcb7c0c888c558	*: strengthen repo context lookup guidance for agents (#70203)
80	cf5c039246b4c17918405981dfd018875ad19d6d	c713240c70d5d567f6ef6e526c6eebc5a5942d11	build: upgrade Go to 1.25.12 and bump vulnerable dependencies (#69958)
81	c6e3cf83998c117c119c8939a70ff9693432a602	cf5c039246b4c17918405981dfd018875ad19d6d	*: fix uncompress mem dos (#70199)
82	b902d17679f3019be03e2b4d550e241a5bd86d78	c6e3cf83998c117c119c8939a70ff9693432a602	test: stabilize flaky TestWorkerPool/TwoWorkers (#69767)
83	60f844d280c1ed09bfa61eb446bc4356f5ad9302	b902d17679f3019be03e2b4d550e241a5bd86d78	dxf: log canceled subtasks at info level (#69517)
84	3bea8196a565ca01800b2d0807868f01139d8a30	60f844d280c1ed09bfa61eb446bc4356f5ad9302	crossks: stabilize cross-keyspace coordinator session test (#70218)
85	23bff313186b8ceb61fcbe9faac43ae700e7fb14	3bea8196a565ca01800b2d0807868f01139d8a30	object storage: cache explicit AssumeRole credentials (#70226)
86	19a41f0d4a348a5ab5213d4fa4e19c43eeec7a0f	23bff313186b8ceb61fcbe9faac43ae700e7fb14	planner: estimate index join probe-side row count from the join keys the access path can use (#70176)
87	cee586b7ac0577904c8073019644b8f8207a2d59	19a41f0d4a348a5ab5213d4fa4e19c43eeec7a0f	metrics: add hidden AP RU series to keyspace resource control dashboard (#70223)
88	c42e032f665b0eb1ba2a8c309e4c7b8a3f72e12c	cee586b7ac0577904c8073019644b8f8207a2d59	pkg/planner/core/casetest/planstats: stabilize flaky TestPreparedPlanCacheInvalidatedAfterSyncLoadTimeoutFallback (#67940)
89	8e831a20a63d3479928ee882a5b2ed0905f46747	c42e032f665b0eb1ba2a8c309e4c7b8a3f72e12c	planner: remove unused outer-to-inner join rule (#70263)
90	48f8e165943619398e1096ec51e6bcdb63809d7e	8e831a20a63d3479928ee882a5b2ed0905f46747	dxf, importinto: stabilize flaky scheduler and global sort tests (#70266)
91	660d60264789254435b96a70e3205912437331a8	48f8e165943619398e1096ec51e6bcdb63809d7e	br: processing empty metadata (#69640) (#70202)
92	6f5bfe198fa01d9171a3772e72945947998b5b36	660d60264789254435b96a70e3205912437331a8	br: ignore only default cf ssts (#69719) (#70204)
93	fac4601cc60073aca18ee970638dbb459abcc194	6f5bfe198fa01d9171a3772e72945947998b5b36	planner: propagate recursive index estimates in exponential backoff (#69949)
94	c25caa6b2d25e801b6716b4bfd6d6d01139636a8	fac4601cc60073aca18ee970638dbb459abcc194	executor: remove unnecessary ordering from full-sampling Analyze requests (#70275)
95	f8848b3cf133708346adcca981cc226bfeccb0ca	c25caa6b2d25e801b6716b4bfd6d6d01139636a8	inference: add runtime and EMBED_TEXT support (#70139)
96	3e9723f44eb39105930a4ba6430281feed130a4a	f8848b3cf133708346adcca981cc226bfeccb0ca	*: br,lightning,import use meta service group (#69780)
97	02f5e23fb6b3e0f2bc544953a8b433a830abed5d	3e9723f44eb39105930a4ba6430281feed130a4a	br: use online to disable import mode (#70221)
98	684ced8facbdba11086a5a5fa9b102aa5808f061	02f5e23fb6b3e0f2bc544953a8b433a830abed5d	planner: recognize order by correlated equality (#70217)
99	779deec2c7420e1bc6e09db9de5046893ea4024c	684ced8facbdba11086a5a5fa9b102aa5808f061	dumpling: modernize manual GC lifetime warning (#70274)
100	9d1a61e2b0a7d57975aec51d390ed41d3d108e0d	779deec2c7420e1bc6e09db9de5046893ea4024c	planner, executor: fix Storage_from_mpp false positive for TiKV-only plans (#70297)
101	efe6e6957cc6c0cd566bd7efc7c38e2711fe8c99	9d1a61e2b0a7d57975aec51d390ed41d3d108e0d	*: bump client-go to master (#70301)
102	232ef1aafd7e0e3fecd3234369251a88a667fbb9	efe6e6957cc6c0cd566bd7efc7c38e2711fe8c99	br: set sys check collation true in default (#70309)
103	35232111b23b1de1ec8c6dcb90c6ba94a1043c8b	232ef1aafd7e0e3fecd3234369251a88a667fbb9	session: reset starter privileges after branch or restore (#69957)
104	4c0e2c062449f80d43adfdf7a02eea11958ac5b3	35232111b23b1de1ec8c6dcb90c6ba94a1043c8b	privilege, executor: fix visibility for information_schema.user_attributes (#70278)
105	a45a797289f5258c82c57437752d741664ee05e4	4c0e2c062449f80d43adfdf7a02eea11958ac5b3	test: stabilize flaky TestKillAutoAnalyze (#69211)
106	6cbbd222c786948379edc50ef8a8c37e485957c0	a45a797289f5258c82c57437752d741664ee05e4	sessionctx: add sysvar for plan replayer GC retention (#69969)
107	8380b57b5819e7b75b37e050cb626887684db215	6cbbd222c786948379edc50ef8a8c37e485957c0	tests: stabilize cross-keyspace runtime GC test (#70331)
108	807e18edaff0d8157f55c8b26c57b51e5b4c47c1	8380b57b5819e7b75b37e050cb626887684db215	importinto: log chunk count and size (#70271)
109	c48a9917c5096872f958e3e399260028e5dfa42e	807e18edaff0d8157f55c8b26c57b51e5b4c47c1	dumpformat: track Parquet scan progress by source file offset (#70307)
110	c0e41374901d4ddcf2ce37a1e1d583519013d69a	c48a9917c5096872f958e3e399260028e5dfa42e	planner: correct LATERAL join cardinality and the Apply cache decision (#70247)
111	ea373a0d8398d36d2666d68e3bfadbb86053848a	c0e41374901d4ddcf2ce37a1e1d583519013d69a	executor: Support disk spilling for parallel Distinct Aggregate (#69591)
112	16c97eb67f9558f39535bf63b8c2ffe388fbe391	ea373a0d8398d36d2666d68e3bfadbb86053848a	store/copr: fix batch fallback counters after Region split (#70341)
113	bff1263528838d27f3ecf74a8c360dcce236c4e9	16c97eb67f9558f39535bf63b8c2ffe388fbe391	server: limit the size for COM_STMT_SEND_LONG_DATA in each connection (#70350)
114	f1b78c1959744fa7b39abb34ddaad2b18c1ecc68	bff1263528838d27f3ecf74a8c360dcce236c4e9	globalsort,ddl: divide merge-sort files by exact target counts (#70352)
115	3a5407df20048b6061763ee999bd1f6bfdd3929d	f1b78c1959744fa7b39abb34ddaad2b18c1ecc68	dumpling: support column filters for table exports (#70196)
116	70323e9d84cb3f6060e630f1f18aeeed250bc8af	3a5407df20048b6061763ee999bd1f6bfdd3929d	resource group: starter mode support degrade to default RU group (#68105)
117	b76bfbc56bcb6bbfaf9d27f320fa07d9f8975ccf	70323e9d84cb3f6060e630f1f18aeeed250bc8af	planner: support EXPLAIN ANALYZE FORMAT='ru' (#70371)
118	f31b27fd75008eed38541f23e7bc8bcf43e2ad00	b76bfbc56bcb6bbfaf9d27f320fa07d9f8975ccf	autoid: fail fast after repeated RPC errors (#69961)
119	f2e296556049475e00cf13b36aa9e877101e7998	f31b27fd75008eed38541f23e7bc8bcf43e2ad00	import into: fix conflict cleanup after functional-index schema evolution (#70374)
120	bd9159edd1e502572e171e2610b105c60effe27d	f2e296556049475e00cf13b36aa9e877101e7998	executor: support auto-embedding generated columns (#70344)
121	8b62b76214af40eed6aeac045948e2d53adbb7e3	bd9159edd1e502572e171e2610b105c60effe27d	planner: recheck LIKE/ILIKE with a non-default ESCAPE on memtable scans (#69670)
122	a17d9ca1220b9231d8b168511ecf710e6242bbd8	8b62b76214af40eed6aeac045948e2d53adbb7e3	statistics: replace separate TopN merge with combined TopN+histogram merge for global stats (#68147)
123	55a989848d54af5edb4ae7938ab2759c4154998e	a17d9ca1220b9231d8b168511ecf710e6242bbd8	session: re-enable ANALYZE background resource control by default (#70195)
124	4b2a5bb6c3369fb602fa072a57f27f05a5e13f90	55a989848d54af5edb4ae7938ab2759c4154998e	sessionctx, config: gate FK shared-lock sysvar on next-gen (#70328)
125	94abd9fa63fdd1cc541eb7d32ef11b201ded22d6	4b2a5bb6c3369fb602fa072a57f27f05a5e13f90	*: use general approvers for BUILD.bazel files (#70391)
126	31c9768698c5b15ef3a277a7db38b995db82ce87	94abd9fa63fdd1cc541eb7d32ef11b201ded22d6	planner: add metrics for RU v3 (#70380)
127	c3321d346d1fe64884b2a1326ed9334eed75a6b5	31c9768698c5b15ef3a277a7db38b995db82ce87	ttl: introduce starter ttl external worker (#69672)
128	052084c30342aa74d2422699aeb925a6879e5a54	c3321d346d1fe64884b2a1326ed9334eed75a6b5	planner: support full outer join planning (#70185)
129	fc5b8af42e458ac129d848ef11cb40b345306a7b	052084c30342aa74d2422699aeb925a6879e5a54	domain: warn when multiple TiDB instances advertise the same status endpoint (#69899)
130	143374f759fe04cf9fdb69305734f359d7d2191f	fc5b8af42e458ac129d848ef11cb40b345306a7b	dumpformat: fix corrupted DECIMAL values in dictionary-encoded parquet files (#70436)
131	655769534b4d53a162d8da7eb2715de08aac5959	143374f759fe04cf9fdb69305734f359d7d2191f	executor, util/stmtsummary: fix panics and data races in stmt summary reads (#70163)
132	d5f9ca5690c0a53cac36002f9d2d2bdcba25f4fc	655769534b4d53a162d8da7eb2715de08aac5959	importinto: forbid importing into TTL-enabled tables (#70427)
133	4a3336e26dcecbf425c7795713711cc91a2e8187	d5f9ca5690c0a53cac36002f9d2d2bdcba25f4fc	OWNERS: Auto Sync OWNERS files from community membership (#70472)
134	3f3660863c5a47f8b60905e8ee4212b41956c309	4a3336e26dcecbf425c7795713711cc91a2e8187	ingestor: wait for region job workers to exit on cancellation (#70180)
135	45e4745231dc036723da03a564eb9dc0df266199	3f3660863c5a47f8b60905e8ee4212b41956c309	ddl: fix REORGANIZE PARTITION skipping partitions when rebuilding global indexes (#70364)
136	2ea7d98afa404a9dbfd20e53a4aab685e2226a08	45e4745231dc036723da03a564eb9dc0df266199	ddl: fix panic in doPartitionReorgWork when reorg handle is missing (#69303)
137	39cac66e56f4324d89bda19b2fbb4f5cb8374f5f	2ea7d98afa404a9dbfd20e53a4aab685e2226a08	ddl: skip backfilling the clustered PRIMARY KEY in REORGANIZE PARTITION (#70399)
138	7714494a17a464b9d2623478b8315964b126c9a6	39cac66e56f4324d89bda19b2fbb4f5cb8374f5f	lightning: optimize CSV field unescaping (#70384)
139	53c40004b93d2fa0ce059bd2b81266db6d473bda	7714494a17a464b9d2623478b8315964b126c9a6	executor: preserve TLS REQUIRE options when ALTER USER omits REQUIRE (#70401)
140	2423b9d00c7ba97380dbf154fece87d31bcc5c92	53c40004b93d2fa0ce059bd2b81266db6d473bda	dxf: rename cleanup routines to cleaners (#70481)
141	0b1a05761ed505b8291b97bf15f6772124fbc501	2423b9d00c7ba97380dbf154fece87d31bcc5c92	executor, session: add dark statement RU terminal plan walk (#70421)
142	46e92282380f19975e9505e16b5d6700e868275b	0b1a05761ed505b8291b97bf15f6772124fbc501	executor: report provisional statement RU v3 metrics for simple SELECT (#70422)
143	17c0dd0fe42b110ebeacb52f300f742e8e0aad5f	46e92282380f19975e9505e16b5d6700e868275b	*: update kvproto and adapt keyspace fields (#69942)
144	1a99cd1d3b62aa2c8dbc0c0ae6b165937ec54869	17c0dd0fe42b110ebeacb52f300f742e8e0aad5f	test: stabilize flaky TestMainBackupLoop (#69364)
145	d01f9615c13e02dfa75922745640dec9d81b802e	1a99cd1d3b62aa2c8dbc0c0ae6b165937ec54869	test: stabilize flaky TestStalenessAndHistoryRead (#69370)
146	13fbbb2e3f041f1dea3b856e97fa4526e991c7fb	d01f9615c13e02dfa75922745640dec9d81b802e	planner: optimize duplicate removal for common-handle batch point get (#70389)
147	38c41935a583ae6b5ee34b4f4f3300c051d3ed76	13fbbb2e3f041f1dea3b856e97fa4526e991c7fb	executor: report statement RU for unary operators (#70482)
148	ebeea41e5667465bed38b6812be75a139ec804ea	38c41935a583ae6b5ee34b4f4f3300c051d3ed76	*: add column-level masking design doc (#66563)
149	5e1901b920a58fce91f8493cfe24299ebe77f168	ebeea41e5667465bed38b6812be75a139ec804ea	ddl: preserve cloud storage mode across owner failover (#70495)
150	bf8a221dd90bb19a25a830e4e175a0b0cd81b0a0	5e1901b920a58fce91f8493cfe24299ebe77f168	types: avoid uint32 overflow when validating vector length (#69124)
151	454d7010a4573dc0092d797e33a470e6b311ecba	bf8a221dd90bb19a25a830e4e175a0b0cd81b0a0	executor: allow uncompress in import into assignments (#70513)
152	5141c56f89e02542d39d1ae060e3d051d9303aa5	454d7010a4573dc0092d797e33a470e6b311ecba	crossks: clean up virtual server info on close and bootstrap failure (#70519)
153	5bdb1b6bd179eef2d2d2778eefc2e87e6f0c6ad1	5141c56f89e02542d39d1ae060e3d051d9303aa5	parser: support parenthesized temporal interval expressions (#70525)
154	52c77f0701620b155cf8f727138068a668b90ef2	5bdb1b6bd179eef2d2d2778eefc2e87e6f0c6ad1	docs: add batched ANALYZE requests design (#70355)
155	76eca21ea100f792f194a5b0ccf15a5d624dfbd4	52c77f0701620b155cf8f727138068a668b90ef2	importinto, config: use synchronous prepare and add default max import size for Starter (#70511)
156	cbfe9c66f1786a0238ed5c509ee06b84a6fe4a55	76eca21ea100f792f194a5b0ccf15a5d624dfbd4	‎pkg/objstore: Support tencentcloud COS for metering-storage-uri and CLOUD_STORAGE_URI (#70516)
157	066e60a4e76bd04a819475d1471599265d84b569	cbfe9c66f1786a0238ed5c509ee06b84a6fe4a55	dumpformat: extract sql writer and clean up redundant codes (#69460)
158	65c2a6cd2dba9c35955c23cb0ad020838e5b6420	066e60a4e76bd04a819475d1471599265d84b569	executor: executor support for full outer join (#70462)
159	a23133c33c22871b0f2b112ab899eb061e1eb18b	65c2a6cd2dba9c35955c23cb0ad020838e5b6420	executor: track range memory for IndexJoin under dynamic partition pruning (#70430)
160	70cff7d9f663d9f4e86c2f8ff889902f20e2e9df	a23133c33c22871b0f2b112ab899eb061e1eb18b	planner: give every appended handle column a length in selectivity (#70541)
161	66f307fab7ddfd1a9861715cd5533a04ebe2379d	70cff7d9f663d9f4e86c2f8ff889902f20e2e9df	OWNERS: Auto Sync OWNERS files from community membership (#70572)
162	5af03a2e108d70b151c32ba4620cfcaedcaf4502	66f307fab7ddfd1a9861715cd5533a04ebe2379d	util: prevent SQLKiller state races during concurrent reset (#70557)
163	17b780783925eea71af5e2bdd1a0b1c171efc650	5af03a2e108d70b151c32ba4620cfcaedcaf4502	topsql: reduce reporter loss, fix panic accounting, and enforce statement stats cap (#70173)
164	f964e38b07cb310ff2fbd1821d92ffaf259498c8	17b780783925eea71af5e2bdd1a0b1c171efc650	*: update kvproto for merged batch responses (#70581)
165	b61f02c672915c95ca8795e1aba1bb765bd99a02	f964e38b07cb310ff2fbd1821d92ffaf259498c8	test: stabilize flaky TestLoadDataReplace (#69226)
166	d8d57d7e56f7c34d4bfddc3ac311854d518d789c	b61f02c672915c95ca8795e1aba1bb765bd99a02	test: stabilize flaky TestHandle (#70066)
167	88d9a76ef8d99b733ae03389c95f73ea88b04248	d8d57d7e56f7c34d4bfddc3ac311854d518d789c	test: stabilize flaky TestMemoryUsageAndOpsHistory (#69972)
168	c0c535c7f5d23e61eabec1fe5a5f7a966b23c58a	88d9a76ef8d99b733ae03389c95f73ea88b04248	planner: support TiFlash MPP full outer join (#70562)
169	679d666fd31dcebd85562ef92b8bbaf08479a785	c0c535c7f5d23e61eabec1fe5a5f7a966b23c58a	sessionctx: add Analyze store batch size variable (#70587)
170	6a3e36ccecf0f1863d015528b8db3ea508760ab7	679d666fd31dcebd85562ef92b8bbaf08479a785	test: stabilize flaky TestTimeoutRecv (#68679)
171	606d3972023667c973052e713ae220d326dbf829	6a3e36ccecf0f1863d015528b8db3ea508760ab7	*: fix typo "lighting/cmd" in codecov ignore path (#70564)
172	496b711919d94d56dec0fdc9955eb2f43e373f85	606d3972023667c973052e713ae220d326dbf829	test: stabilize flaky TestTxnScopeAndValidateReadTs (#69251)
173	6eff5759c9b96129c90917b8dfd1d5d8c0f65881	496b711919d94d56dec0fdc9955eb2f43e373f85	*: honor task collation across DXF encoding and expression paths (#69734)
174	70b0c5d4072cc5729ad5991e196f461f8216d124	6eff5759c9b96129c90917b8dfd1d5d8c0f65881	ddl, executor: fix DDL and BRIE task cancellation on KILL (#70508)
175	da2f7d61fa85ccd85a616c2ecc257157c57f752c	70b0c5d4072cc5729ad5991e196f461f8216d124	ddl: do not fill TiKV block cache for reorg coprocessor scans (#69876)
176	f6d141040949cdf6567a673f0624ef1f2bc7f26c	da2f7d61fa85ccd85a616c2ecc257157c57f752c	parser: upgrade x/text to v0.39.0 (#70244)
177	12503185148b129c5b651eda45055abadebe79f3	f6d141040949cdf6567a673f0624ef1f2bc7f26c	test: stabilize flaky TestNormalError (#70054)
178	0c53024bd3e4cf4f79a9caec9ceb7f5aa6534d8a	12503185148b129c5b651eda45055abadebe79f3	store/copr: resolve locks reported by store-batched cop tasks (#70521)
179	6331b8787b4203a91aafe49ee1dc801ee497bf98	0c53024bd3e4cf4f79a9caec9ceb7f5aa6534d8a	server: detect client disconnects in explicit transactions (#70343)
180	381ac705f95701562d0e598ac068e3e3ef09dc3e	6331b8787b4203a91aafe49ee1dc801ee497bf98	stmtsummary, executor: Add IA remote-read execution count (#70425)
181	0419c93284fb3cf1b08630ba3837b5f9df4c5c5d	381ac705f95701562d0e598ac068e3e3ef09dc3e	planner: fill "explain format='ru'" results (#70631)
182	fa2a89347ba4071a31f9c3525293af25f91570d9	0419c93284fb3cf1b08630ba3837b5f9df4c5c5d	test: stabilize flaky TestJobOrchestratorRecordSubmissionGetsFreshGraceTimeout (#69275)
183	691dfd07c10774972723c56e7e4b6b77f7245d3f	fa2a89347ba4071a31f9c3525293af25f91570d9	unistore, planner: report scanned bytes for UniStore RU explain (#70656)
184	bbd051d8a6bba9d4b460ffd53ee63c131d55d56e	691dfd07c10774972723c56e7e4b6b77f7245d3f	parser: add direct in-place AST visitor traversal (#70624)
185	ddb7e764cd570dbade80bb7f79596b0b441e0e77	bbd051d8a6bba9d4b460ffd53ee63c131d55d56e	test: stabilize flaky TestTopSQLCatchRunningSQL (#69209)
186	5f474d8c8f9c22998dc16109bcb9f37ebfc9c00d	ddb7e764cd570dbade80bb7f79596b0b441e0e77	table, import into: fix NULL conflict cleanup after functional-index schema evolution (#70646)
187	690c18fc2d86dfcde2fb711c21e04a7f248470b7	5f474d8c8f9c22998dc16109bcb9f37ebfc9c00d	objstore: support OSS presigned download URLs (#70648)
188	fbb43f6024564fc23d4189ca48c4b5358a190273	690c18fc2d86dfcde2fb711c21e04a7f248470b7	planner: add more test cases for "explain analyze format='ru'" (#70668)
189	1f9469913409f0c6bf4a946c51948ebdfc2d2bb8	fbb43f6024564fc23d4189ca48c4b5358a190273	session,txn: support file-based transaction (txn file) for large transactions (#70468)
190	9db7eb8840ee0381962b84489c181214b66c167c	1f9469913409f0c6bf4a946c51948ebdfc2d2bb8	test: pin upgrade start version in TestUpgradeVersion284EnableTxnFile (#70692)
191	d6afc7d991293509f332513123f018d2f81933df	9db7eb8840ee0381962b84489c181214b66c167c	session, meta: add materialized view bootstrap system tables (#70599)
192	f3f07f9c63a62b615fbd3268eba50df557d08c5f	d6afc7d991293509f332513123f018d2f81933df	OWNERS_ALIASES: replace Benjamin2037 with bb7133 (#70413)
193	25050b53f84fd14c4cfa97a7bb3826876c333c29	f3f07f9c63a62b615fbd3268eba50df557d08c5f	objstore: fix OSS credential fallback and forwarding (#70556)
194	f7a4312b9810f2ddfd3483b5a325e8c12bf3a269	25050b53f84fd14c4cfa97a7bb3826876c333c29	test: stabilize flaky TestInstancePlanCacheConcurrencySysbench (#69639)
195	2cddafd320d730942c558609a83eaa92a0750222	f7a4312b9810f2ddfd3483b5a325e8c12bf3a269	dumpformat: store parquet LogicalType instead of legacy converted type (#70548)
196	57e57c75e727ab7f349ca2db261ba642d075f770	2cddafd320d730942c558609a83eaa92a0750222	importinto: add conflict-row cleanup package (#70623)
197	b1daa76b65a9e87c67cad7179fb5ec675e4ddfc9	57e57c75e727ab7f349ca2db261ba642d075f770	*: batching analyze requests (#69686)
198	70b5c4655c70dbced69429c6f060dce03eac9388	b1daa76b65a9e87c67cad7179fb5ec675e4ddfc9	tests: avoid ADC lookup for fake GCS server (#70722)
199	52920c5f6ddb2abef9eccb726a6c563360ffe70c	70b5c4655c70dbced69429c6f060dce03eac9388	autoid: prevent ID reuse after cross-database table rename (#70610)
200	bc048138870aa7adba652aad535f3df262d743cb	52920c5f6ddb2abef9eccb726a6c563360ffe70c	distsql, executor, planner: collect ANALYZE execution details (#70659)
201	3aeb17a7c86ed424ec141da0f0b6cdee792210c1	bc048138870aa7adba652aad535f3df262d743cb	*: migrate non-replacing AST visitors to in-place traversal part 1 (#70674)
202	9ee5a071bd09158f303feb1d4be936939928d5f8	3aeb17a7c86ed424ec141da0f0b6cdee792210c1	objstore: set correct part size in KS3 multipart uploads (#70696)
203	8c38aa4e6a925b1c46b022eed25543f5cfb73d1e	9ee5a071bd09158f303feb1d4be936939928d5f8	*: migrate non-replacing AST visitors to in-place traversal part 2 (#70678)
204	2c5dbbe51bbe4809abc62b315857c274035547ba	8c38aa4e6a925b1c46b022eed25543f5cfb73d1e	executor: isolate scalar subquery plans at statement boundaries (#70730)
205	8cde78af3c5d03ea82407f2d7924226eb3420d79	2c5dbbe51bbe4809abc62b315857c274035547ba	session, parser, privilege, executor: add OPERATE VIEW privilege (#70694)
206	0079af820ee15bc88759027fcf16dadba5dbfb28	8cde78af3c5d03ea82407f2d7924226eb3420d79	test: stabilize flaky TestTwoStates (#70527)
207	65ac2fad582510b92d3c4b79999e48217c989737	0079af820ee15bc88759027fcf16dadba5dbfb28	executor, statistics: skip stats_histograms read for TABLE_ROWS-only INFORMATION_SCHEMA queries (#69955)
208	e0cfb27df3212f1112bddba141aee3d6f743b3fb	65ac2fad582510b92d3c4b79999e48217c989737	test: stabilize flaky TestMainBackupLoop (#70589)
209	db35d47066648fe73abce6318d53fc625df51490	e0cfb27df3212f1112bddba141aee3d6f743b3fb	executor, distsql: collect runtime evidence for joins and aggregations (#70638)
210	0bc44483e3e41a8ea917d4382dc202369468d200	db35d47066648fe73abce6318d53fc625df51490	br: fix region not found (#70772)
211	fd194d547a0b2e078ffbeaa64b65d77d4d2521d6	0bc44483e3e41a8ea917d4382dc202369468d200	pkg/ddl, pkg/dxf: add local sort disk check and logging for backfill workers (#68320)
212	5a064438c4927c7d3d80544f770f26a9b4e4c7de	fd194d547a0b2e078ffbeaa64b65d77d4d2521d6	ddl, br: gate adding tiflash replica by global variable (#70500)
213	5e8a1a229a7591ddac49a0cd3b795587c2595ab9	5a064438c4927c7d3d80544f770f26a9b4e4c7de	parser: port materialized view DDL syntax (#70744)
214	c6054025ed4c32ab3672a2a24ea46892714d21ec	5e8a1a229a7591ddac49a0cd3b795587c2595ab9	ddl: add auto split hot region for add index (#69425)
215	42db2099af50704e424b792626f10a87f4247413	c6054025ed4c32ab3672a2a24ea46892714d21ec	distsql, kv: add query-level per-store cop request limiter (#69360)
216	94eb995357f34b7bab4889a82f0405797046447d	42db2099af50704e424b792626f10a87f4247413	*: support shared lock upgrade (#69559)
217	febee17ec716d86b1e355e5400ef9e4f4f190bad	94eb995357f34b7bab4889a82f0405797046447d	executor, util: fix hash join v2 null build key (#70786)
218	a74cc596990fb0cf60f4d3646c984bd36cc88ec6	febee17ec716d86b1e355e5400ef9e4f4f190bad	planner: add tikv-only and tiflash-only alternative logical plan rounds (#70005)
219	1c1a334d2be1dce64888b6e1f054462c566b0734	a74cc596990fb0cf60f4d3646c984bd36cc88ec6	store: fix double-encoded API V2 keys in StoreBatchCop lock resolution (#70680)
220	78cac443a4f46c13bfe27eb247b5c80657952547	1c1a334d2be1dce64888b6e1f054462c566b0734	planner, util: fix statement summary history and display correctness (#70159)
221	a85e0fd5dfa914e73eed97f17af584061252bc3c	78cac443a4f46c13bfe27eb247b5c80657952547	executor: account statement RU for joins and aggregations (#70682)
222	17daba3dfde858eebef60f6e4e1bb37268269225	a85e0fd5dfa914e73eed97f17af584061252bc3c	executor: support CTE and scalar subquery statement RU (#70762)
223	049e0e2ba79d79a3a8b1e9ff93ee22fb1cea7dd5	17daba3dfde858eebef60f6e4e1bb37268269225	ddl: fix wait fts ready in ddl add index (#70799)
224	335da022765d12463a029711e441467d91ff99ed	049e0e2ba79d79a3a8b1e9ff93ee22fb1cea7dd5	realtikvtest: cover starter columnar AP (#70679)
225	01af3568b7e131c9f685f39a77da156b13c48da5	335da022765d12463a029711e441467d91ff99ed	executor: stabilize statement RU tests (#70855)
226	94a9cbedabbb3190fd892a196dd446df48b7ec6e	01af3568b7e131c9f685f39a77da156b13c48da5	ddl: support create materialized view and log (#70789)
227	38d990578c49d1e7e493192437c479b06f37c534	94a9cbedabbb3190fd892a196dd446df48b7ec6e	planner: keep min/max row estimates aligned after correlated column split (#70793)
228	d152e4b78d35cfcb771bfabc289f837c2374d4aa	38d990578c49d1e7e493192437c479b06f37c534	planner: support LEFT JOIN LATERAL (#70276)
229	fc7788ff517c3407dc7e000be989ab23e6648211	d152e4b78d35cfcb771bfabc289f837c2374d4aa	planner: fix countAfterAccess for IndexJoin in Skyline Pruning Comparison (#70791)
230	25c4753674ca7da165458ab9a1cf2586f233232e	fc7788ff517c3407dc7e000be989ab23e6648211	test: stabilize flaky TestMultiSchemaModifyColumnConcurrentDMLAcrossPartitions (#70794)
231	ad9b41d5b56ade39c9ede857888e0dd12c8c8f17	25c4753674ca7da165458ab9a1cf2586f233232e	txn: add multi-key shared-lock upgrade tests (#70877)
232	3bd6b6d4d632b16ee5db7fbbefbf21b1e57527b2	ad9b41d5b56ade39c9ede857888e0dd12c8c8f17	executor: fix race between MPP task dispatch and cancellation (#70690)
233	f2c346fe4f368ff855e17c1f62e28a89ba7f9723	3bd6b6d4d632b16ee5db7fbbefbf21b1e57527b2	test: stabilize flaky TestFlashbackClusterWithManyDBs (#70057)
234	a514a92784c9654502686e6ee6efc9e0aeda8afa	f2c346fe4f368ff855e17c1f62e28a89ba7f9723	parser: support opt-in parsing of MySQL START TRANSACTION table option (#70613)
235	3da040b0fcef537a3396d6ba10901969ee0e7b24	a514a92784c9654502686e6ee6efc9e0aeda8afa	planner: add more test cases for RU v3 (#70916)
236	43b113e85ce9fd4b2bdb651ddb4196417a5cbbcd	3da040b0fcef537a3396d6ba10901969ee0e7b24	ttl: preserve TIMESTAMP cursor instants across DST transitions (#70767)
237	e63714fd000f3b0c0f00a40e95878da72417340a	43b113e85ce9fd4b2bdb651ddb4196417a5cbbcd	dxf, server: add DXF nodes HTTP API (#70704)
238	f3f7b3bb4dd493e965ad5506904175474d8ba4e0	e63714fd000f3b0c0f00a40e95878da72417340a	ddl: support drop materialized view and log (#70874)
239	60755c4a3c72618f121059eb8f46ca6aaec6c60d	f3f7b3bb4dd493e965ad5506904175474d8ba4e0	executor: optimize statement RU accounting for point gets (#70911)
240	c767f6fd8c01e9dcb459767611c0c1d4110d210d	60755c4a3c72618f121059eb8f46ca6aaec6c60d	ddl, infoschema: expose TiKV storage class transition status (#70660)
241	aec988ea500de42dd6c8b2cf429dff907ce5bd41	c767f6fd8c01e9dcb459767611c0c1d4110d210d	test: stabilize flaky TestPlanStatsLoadTimeout (#70837)
242	dec6661486e2c730f511429ac0a3b2a5cf833f29	aec988ea500de42dd6c8b2cf429dff907ce5bd41	executor: support more operators in statement RU accounting (#70917)
243	0df33a303d8cc0408d0dbb0dabc00ff7e808a03c	dec6661486e2c730f511429ac0a3b2a5cf833f29	test: stabilize flaky TestSubmitBatchEnqueuesTableModeJob/preserves_existing_trace_info (#70835)
244	f5cf8f6337612c6ae51fb6e384e4bb3469dde680	0df33a303d8cc0408d0dbb0dabc00ff7e808a03c	executor: track window memory usage (#70630)
245	e2cbef3658386ff7c6bb0436695101516623175f	f5cf8f6337612c6ae51fb6e384e4bb3469dde680	dumpling: report dump progress over HTTP, and serve the dump metrics (#70895)
246	10f06594e7e60c2238a951d9bc151132b6f5f0c0	e2cbef3658386ff7c6bb0436695101516623175f	ddl: port materialized view alter support (#70927)
247	f6c6d1adba7edae5786a4fffbacb31b1ec9c42c6	10f06594e7e60c2238a951d9bc151132b6f5f0c0	planner: add more metrics for RU V3 (#70926)
248	fdfadb96b2cfdc5a7c26b8eb7b2a3da5f3038d85	f6c6d1adba7edae5786a4fffbacb31b1ec9c42c6	privilege: support whole-segment URI SAN '*' wildcards (#70676)
249	2d74e8cae902283468aa6059578e57975fe6b928	fdfadb96b2cfdc5a7c26b8eb7b2a3da5f3038d85	planner: update the RU V3 frontend formula (#70934)
250	91e2f28ac7b0ed655b62d0482cf87336f2fb2052	2d74e8cae902283468aa6059578e57975fe6b928	executor, ddl: support base table DML with materialized view logs (#70941)
251	5acf6574288567bb473762e42313e25880c02419	91e2f28ac7b0ed655b62d0482cf87336f2fb2052	*: add Go third-party notices (#70701)
252	198387411d2bb07351c2e40e4160b0a201d39064	5acf6574288567bb473762e42313e25880c02419	importsdk, mydump: support Aurora snapshot automatic mapping (#70585)
253	fa8741dd664ed42c955576e0d962b7e54a0d26b5	198387411d2bb07351c2e40e4160b0a201d39064	tests: wait for next-gen RealTiKV cluster readiness (#70960)
254	f0c97b548023dd8683d2d819e67553aa2afd2db6	fa8741dd664ed42c955576e0d962b7e54a0d26b5	importinto, dxf: clean up expired conflict row files (#70463)
255	3b25bda333d67e750753accdeff7fc1a9cb39319	f0c97b548023dd8683d2d819e67553aa2afd2db6	statistics: remove unused global singleton estimator (#70928)
256	fe7ae3611c83bdf64c911d496ec0509ef63cb27a	3b25bda333d67e750753accdeff7fc1a9cb39319	executor: account for write work in statement RU (#70948)
257	bfa69e13585e08c213ee915ee3fecaf4dd275225	fe7ae3611c83bdf64c911d496ec0509ef63cb27a	privilege: quote account names with backticks in SHOW output (#70774)
258	383c360baaeb73004a7822c843a829352354b8c3	bfa69e13585e08c213ee915ee3fecaf4dd275225	*: migrate non-replacing AST visitors to in-place traversal part 3 (#70935)
259	0d9f21a070152c468b21cc827f6e5ae2ebdd0c0b	383c360baaeb73004a7822c843a829352354b8c3	executor, distsql: account RU after normal early termination (#70936)
260	ebcba3eefb082713e6cf7f7c04511335c563d7e1	0d9f21a070152c468b21cc827f6e5ae2ebdd0c0b	ingestor: prevent range splitter panic during shutdown (#70942)
261	470dbf70499c5c0eee8451727951ba04becb42b4	ebcba3eefb082713e6cf7f7c04511335c563d7e1	executor, session: support MemTable/Lock RU and close results on commit failure (#71004)
262	c5c97d97a64597686d602d9742910dd0a6009902	470dbf70499c5c0eee8451727951ba04becb42b4	ttl: enhance TTL scan with secondary index (#68397)
263	844818561a477dc6de4bf521d500ffbd56340b1e	c5c97d97a64597686d602d9742910dd0a6009902	planner: support NullEQ pushdown to TiFlash (#71006)
264	880120aa23f026c7a02f0102b8b03301a8b20fc3	844818561a477dc6de4bf521d500ffbd56340b1e	ingestor: wait for global-sort buffers before resizing (#70944)
265	d3928d5c65935d9a8b9c266b65d4dc5507d11f30	880120aa23f026c7a02f0102b8b03301a8b20fc3	ingestor: fix race when disabling store write limiter (#70946)
266	dfc06738174f7e15c383a76a536568a4005d2adc	d3928d5c65935d9a8b9c266b65d4dc5507d11f30	dumpling: support projected schemas for column filters (#70506)
267	d542b9cdcb07f138217fd155fc69d500bdeaa50d	dfc06738174f7e15c383a76a536568a4005d2adc	ddl: record global-sort backfill index KV size (#70963)
268	f67a491e49ae91f020a080dbe01b4e93e7d85ccb	d542b9cdcb07f138217fd155fc69d500bdeaa50d	planner: stabilize TestPlanStatsLoad when sync stats load fails (#69982)
269	2ecc7c3422aa559398b9468de4ec55f5c9da4e50	f67a491e49ae91f020a080dbe01b4e93e7d85ccb	ddl, executor: account and show RU for general DDL jobs (#70997)
270	28a3d227c642d25a7ec629ccf4b738547332bdab	2ecc7c3422aa559398b9468de4ec55f5c9da4e50	ddl, statistics: guard materialized view partition DDL (#71012)
271	4f6d275f3ece7b94f3c1bc14cc882c342ba8d267	28a3d227c642d25a7ec629ccf4b738547332bdab	test: stabilize flaky TestRcWaitTSInSlowLog (#69201)
272	d5973687617a13572e0bc2d98a40cbd64245649b	4f6d275f3ece7b94f3c1bc14cc882c342ba8d267	ddl: allow explicit region split options when split-table is disabled (#70919)
273	2e2d28848a02e40edb29bb51b1902f1f3cb66296	d5973687617a13572e0bc2d98a40cbd64245649b	executor: extract RU v3 model (#71022)
274	419f965c678df886856011c9f597cd2494dcbfd6	2e2d28848a02e40edb29bb51b1902f1f3cb66296	dxf: fix flaky TestManagerScheduleLoop (#71021)
275	cd642588cdc3ba8166d4d718bf3eee67dbf7e2d0	419f965c678df886856011c9f597cd2494dcbfd6	statistics: use an index hint when querying mysql.stats_meta for updating stats cache (#64576)
276	d2bab8dfce470f2f58e3d5b1fd3b71d621044553	cd642588cdc3ba8166d4d718bf3eee67dbf7e2d0	planner: make RU V3 weights configurable (#71020)
277	57fb61f655e5aa00f6e541d076e1b86b7ca3ae19	d2bab8dfce470f2f58e3d5b1fd3b71d621044553	executor, metrics: separate RUv3 result and full reporting (#71007)
278	bd762047caf880be57f01dad59d1d1483d5d0912	57fb61f655e5aa00f6e541d076e1b86b7ca3ae19	test: port and organize materialized view regression tests (#71025)
279	e26d86f9fb58c1829e75ac7f8bf6caa91bd4693e	bd762047caf880be57f01dad59d1d1483d5d0912	ddl: persist vector index kind (#70968)
280	3eee6459185956e34bb5137b0c0083d75e3a2339	e26d86f9fb58c1829e75ac7f8bf6caa91bd4693e	ddl: keep original NOT NULL when rolling back failed MODIFY COLUMN (#70923)
281	22958d6535e91286ffcd47a9ec85dd839ed643f1	3eee6459185956e34bb5137b0c0083d75e3a2339	importer: add disk quota support for IMPORT INTO SELECT FROM (#71048)
282	a7c3c9bab33ced4d48dbbc582ca65e2956eacc01	22958d6535e91286ffcd47a9ec85dd839ed643f1	resourcegroup, config, executor: unify statement weights under ruv2 (#71047)
283	7677797173d3b374d5e2701c7c8ca46493e9871d	a7c3c9bab33ced4d48dbbc582ca65e2956eacc01	store/copr: scale serial store batch RPC timeout by task count (#71036)
284	948f07483c2d9f9472416b15b5f706c75e847686	7677797173d3b374d5e2701c7c8ca46493e9871d	test: stabilize flaky TestCheckpointCalculatorConcurrentFlushInterleavings/flush (#70686)
285	8bccb81a1c0a81d33ebca76545e465535e374870	948f07483c2d9f9472416b15b5f706c75e847686	*: remove deprecated RU v2 code (#71056)
286	a960f9b1ec4e8e78a32f89ac6d279924d37ba025	8bccb81a1c0a81d33ebca76545e465535e374870	docs: refine agent instructions and validation guidance (#71051)
287	6cd05e3741def9453c2572f4ba89410aa7cd72ce	a960f9b1ec4e8e78a32f89ac6d279924d37ba025	executor: fix IndexMerge union truncating at 1024 rows with ORDER BY and LIMIT (#70912)
288	0386d784bc8ae7b6f681c4e0652fbd41807ace99	6cd05e3741def9453c2572f4ba89410aa7cd72ce	executor: fix statement RU accounting for wrapped and locking statements (#71067)
289	5dd438d8ee60ab0ad60929c38cc313fb06d9ed07	0386d784bc8ae7b6f681c4e0652fbd41807ace99	parser, sessionctx: add mlog purge SQL surface (#71045)
290	f7676f0478661342294389609ac005002cc5c938	5dd438d8ee60ab0ad60929c38cc313fb06d9ed07	*: rename RUV3 to RUV2 (#71102)
291	415c3464629e7756a48450216659bbeb360931bd	f7676f0478661342294389609ac005002cc5c938	ddl: account RU for add index jobs (#71029)
292	e73d535e34046990be05f689bdde1380222c0069	415c3464629e7756a48450216659bbeb360931bd	parser, planner, executor: support ANALYZE ... WITH DEFAULT <option> (#69956)
293	f343ecdadb0d4bc3919ffa4640370c313e7b7986	e73d535e34046990be05f689bdde1380222c0069	distsql: avoid duplicate ANALYZE scan RU accounting (#71123)
294	5000159a556a497a5583c882f29c82f416ae1a1e	f343ecdadb0d4bc3919ffa4640370c313e7b7986	import: adjust external ID handling for Starter (#71154)
295	e80270eb2ac06875febf8e55bcf932519cf0913e	5000159a556a497a5583c882f29c82f416ae1a1e	importinto: fix flaky expired conflict row cleanup test (#71085)
296	5721420965364b1972cf4d6e3542152d3d592486	e80270eb2ac06875febf8e55bcf932519cf0913e	executor: expose RU v2 consumption in tidb_last_query_info (#71145)
297	304f32814d45929b03663d70ec99e16d465671a2	5721420965364b1972cf4d6e3542152d3d592486	executor, distsql: account for TiFlash MPP in statement RU (#71069)
298	1cab931bd85a44e8a1563f8261f49572439e425a	304f32814d45929b03663d70ec99e16d465671a2	standby: avoid writing a body on skip_auto_id_owner HTTP 304 (#71170) (#71172)
299	b82bed1eca2fcbe58f0fc074fff53e1fc49daa8c	1cab931bd85a44e8a1563f8261f49572439e425a	executor, session: add tidb_dml_max_execution_time for transactional DML (#70568)
300	02e5d7b3ecf7615dfdfc238b272f39409bbd55f1	b82bed1eca2fcbe58f0fc074fff53e1fc49daa8c	ttl, executor: account for TTL scans and deletes in statement RU (#70975)
301	ea48d01da084f14078081ad26d21e818c8beac48	02e5d7b3ecf7615dfdfc238b272f39409bbd55f1	dumpling: pin MinIO CI downloads to GitHub releases (#71291)
302	9a04f3a73a9062803b09d6ac953c66474053fb4a	ea48d01da084f14078081ad26d21e818c8beac48	dumpling: support dumping values of stored generated columns (#71284)
303	5316d43574169d1e78515b1511efc03c21952576	9a04f3a73a9062803b09d6ac953c66474053fb4a	util: preserve accumulated null rejection in hash join keys (#71205)
304	42bb2fa936142d8b94744f2b651ac67abd9ed311	5316d43574169d1e78515b1511efc03c21952576	executor: skip frontend RU charge on plan cache hits (#71335)
305	6884fa5eaba4f62865a730fd4a10fda396de5c02	42bb2fa936142d8b94744f2b651ac67abd9ed311	ddl, globalsort: bound global sort merge memory (#70756)
306	dc52119f4a5489f58f394eb65b4bd4a3e700e4a8	6884fa5eaba4f62865a730fd4a10fda396de5c02	server: add a redacted global variables HTTP API for NextGen (#71208)
307	5b0b439a7687c5aea204a865435d9617287c3fab	dc52119f4a5489f58f394eb65b4bd4a3e700e4a8	planner: recompute CTE consumer count during preprocessing (#70834)
308	51263506a5005ca119f3a191a21c3ea91a419b16	5b0b439a7687c5aea204a865435d9617287c3fab	topsql: report actual RU consumption for RU v2 (#71373)
309	0462a6dac69b8552eff08b1c436a1edd71afc309	51263506a5005ca119f3a191a21c3ea91a419b16	executor: reject partial MV indexes in slow admin check (#70602)
310	8b5d44780e549ef1f192c41bd4406c927deb382b	0462a6dac69b8552eff08b1c436a1edd71afc309	executor: multiply TiFlash RU v2 by 10 for testing (#71372)
311	f4f6b2cb99c1fff0d486715d5a5190206ac9ea35	8b5d44780e549ef1f192c41bd4406c927deb382b	planner: fold read-only user variables in UPDATE, INSERT, and DELETE (#71386)
312	72f98c5258be755e348daf56ea682952b9c9179d	f4f6b2cb99c1fff0d486715d5a5190206ac9ea35	session: apply global paging byte budgets to existing sessions (#71089)
313	dd72f120673ace694f6c625c21eef07b288b200f	72f98c5258be755e348daf56ea682952b9c9179d	test: stabilize flaky TestLoadDataFromServerFile (#69234)
314	773fbc3b1607a26ce29f32d3c45b5904d30a7b0a	dd72f120673ace694f6c625c21eef07b288b200f	lightning: support OSS sources and preserve OSS URIs (#71316)
315	92b9c752bcac7df227e330ffb2293bfaa7c72461	773fbc3b1607a26ce29f32d3c45b5904d30a7b0a	executor: unify RU v1 and v2 fields in slow logs and statement summaries (#71389)
316	33555af66db0dd38f6f6e872ff5267c53787db47	92b9c752bcac7df227e330ffb2293bfaa7c72461	*: update client-go to fix shared-lock decoding warnings (#71367)
317	42024d2f62f38820c652acf850227e1c45eed160	33555af66db0dd38f6f6e872ff5267c53787db47	test: stabilize flaky TestBackoffCtxAware (#69340)
318	b44616b44d0ffed028b76b6da9e95418105bae87	42024d2f62f38820c652acf850227e1c45eed160	test: split circuit-breaker timeout and columnar cancel coverage (#71393)
319	883ce9ac4c3f4c4a61253f5ce880e60231559eb7	b44616b44d0ffed028b76b6da9e95418105bae87	test: stabilize flaky TestCancelVariousJobs (#71399)
320	0a42bea5f5053eef1434897533f6f887c471e3bd	883ce9ac4c3f4c4a61253f5ce880e60231559eb7	stmtsummary: surface logger init failures, drop leaked time-excluded FDs, fix absolute-path file pruning (#70175)
321	90ecf49213fd0c52727d9711720704381ce739bc	0a42bea5f5053eef1434897533f6f887c471e3bd	test: stablize flaky TestExchangePartitionMultiTable (#71402)
322	5f06032ca52d37aeeadaea92dc37c58c76219906	90ecf49213fd0c52727d9711720704381ce739bc	test: stabilize flaky TestLoadDataLowPrioritySetsKVLowPriority (#71116)
323	ece360bd7f55f799cd30b5d0a7d71c5850ba33b9	5f06032ca52d37aeeadaea92dc37c58c76219906	planner: retain LIKE filters after case-folded metadata extraction (#71255)
324	524b942f909b14c6399b6f5aefe511e7c0309827	ece360bd7f55f799cd30b5d0a7d71c5850ba33b9	ddl: preserve scatter scope for region pre-split (#71311)
325	8f27fdbb8fd261bb315bd935d78a1c9475bc7f6f	524b942f909b14c6399b6f5aefe511e7c0309827	test: stabilize flaky TestSubscriptionIdleTimeoutWhileSendingEvents (#70741)
326	16d765369e06fb44395d878d4ad5cdd8c97f16d1	8f27fdbb8fd261bb315bd935d78a1c9475bc7f6f	test: stablize flaky TestProxyProtocolWithIpFallbackable (#71410)
327	56ee5bb2684a62f9680dd66a6a33e6116acc8345	16d765369e06fb44395d878d4ad5cdd8c97f16d1	ddl, dxf: fix transition completion and scheduler cleanup (#71176)
328	eecbd4b98d5034102e9c26eb912c1b5b677f11f3	56ee5bb2684a62f9680dd66a6a33e6116acc8345	ddl: skip logical IDs for partitioned split policies (#71442)
329	86d43a61831bbac6cac2b1013ce9cccfe21d8613	eecbd4b98d5034102e9c26eb912c1b5b677f11f3	test: stabilize flaky TestGlobalMemArbitrator (#68700)
330	6b6b4c343eafb4f65a8b61a9a247113cf99df997	86d43a61831bbac6cac2b1013ce9cccfe21d8613	statistics: report sync load failure regardless of result arrival order (#70316)
331	ead9d38239af55b85f58a79dead694e4a8fa0878	6b6b4c343eafb4f65a8b61a9a247113cf99df997	store: back off when TiKV ignores cop lock hints (#71446)
332	4f04d45345a0f6864189740639e52a0bdf9655db	ead9d38239af55b85f58a79dead694e4a8fa0878	test: stabilize flaky TestOwnerDropped (#69418)
333	1400603a0c5220f16c90cb543a8b96cbcc641c94	4f04d45345a0f6864189740639e52a0bdf9655db	br: preserve stream listener cancellation error (#69987)
334	a989206f18ec906aab66786ed3280471f5092198	1400603a0c5220f16c90cb543a8b96cbcc641c94	executor, ddl: fix unparseable region split policy in SHOW CREATE TABLE (#71470)
335	2339f8171265558ab30b6e564b2e3a854e53e8ea	a989206f18ec906aab66786ed3280471f5092198	importer: add data source access precheck for async prepare (#71488)
336	cc83514fa9cd093be05b6531003480ba819877fd	2339f8171265558ab30b6e564b2e3a854e53e8ea	test: stabilize flaky TestIndexUsageReporter (#69206)
337	286c56b8def6b7b399dfb9e550314d24f9440284	cc83514fa9cd093be05b6531003480ba819877fd	objstore: wait for metadata workers after directory listing errors (#71139)
338	64e8c4c05ecbe7dfe3eca211c4fb44f97bd75c59	286c56b8def6b7b399dfb9e550314d24f9440284	ddl: preserve replica counts for superseded storage class transitions (#71366)
339	0b505ecc58b659655345b7bb85a619db02f94300	64e8c4c05ecbe7dfe3eca211c4fb44f97bd75c59	executor: add adaptive admission control for ordered LIMIT scans (#70252)
340	8a37ef2b44f5adef5a5cf57c263d9da8db76faa0	0b505ecc58b659655345b7bb85a619db02f94300	memory: reduce overhead of global memory arbitration (#71346)
341	21f9ba4ee2209ffd8f30374b03c49f7d7ecbe90c	8a37ef2b44f5adef5a5cf57c263d9da8db76faa0	executor, planner: support materialized view log purge (#71118)
342	5da082e132b908c4530c5a34dcc1c0bb0ee0786b	21f9ba4ee2209ffd8f30374b03c49f7d7ecbe90c	TTL: use 15m default TTL interval in starter mode (#71445)
343	bb80c86a127b579a93c2070a7f3464ef1b609e38	5da082e132b908c4530c5a34dcc1c0bb0ee0786b	sessionctx: add a switch for TiKV short-circuit expression evaluation (#70272)
344	bfcc826f420238c574b30758551117320da3bf9a	bb80c86a127b579a93c2070a7f3464ef1b609e38	executor: make PLAN REPLAYER LOAD work with read-timestamp overrides in the dump (#71125)
345	bc2f3a5f6759378ecbea6123cf37a12c7223722f	bfcc826f420238c574b30758551117320da3bf9a	ddl: propagate table range scan error in distributed add index (#71522)
346	1869807c5fdb89d6618f4733109f537a64353530	bc2f3a5f6759378ecbea6123cf37a12c7223722f	build: upgrade Go to 1.25.14 (#71491)
347	13103a00793a63e0cef63601f669146175e701a6	1869807c5fdb89d6618f4733109f537a64353530	lightning: check downstream table after create failure (#71497)
348	fe7d7d978ee8174145f3c4671efa5a8f30bdd7d3	13103a00793a63e0cef63601f669146175e701a6	session, meta: reorder bootstrap versions for materialized view changes (#71552)
349	56970b286a362b1f0b150c7665453c8f5ff997a9	fe7d7d978ee8174145f3c4671efa5a8f30bdd7d3	lightning: copy key in sstWriter.writeKVs to avoid aliasing sortedKeyBuf (#71453)
350	067c50bd4625cc4bfbb3c8ae9b59b9b8e5711d5f	56970b286a362b1f0b150c7665453c8f5ff997a9	session: separate adaptive limit scan default migration (#71565)
351	4f27dad8db3971166156ad79a29c99e5d98dbcd2	067c50bd4625cc4bfbb3c8ae9b59b9b8e5711d5f	parser: port materialized view refresh syntax (#71566)
352	aabfb399a8ca42fecc39c59876e3ca8306cd9ee1	4f27dad8db3971166156ad79a29c99e5d98dbcd2	ddl, expression, executor, meta: evaluate materialized schedules in UTC (#71616)
353	29ddfb9e4041b31106cf7dcda682d95840ed8df0	aabfb399a8ca42fecc39c59876e3ca8306cd9ee1	ddl: account RU for partition and modify column reorg jobs (#71516)
354	633a9e37f1c796ac81c203dc107025e7e65385f0	29ddfb9e4041b31106cf7dcda682d95840ed8df0	metrics, server: fix multi-statement latency attribution (#71584)
355	8936d7bdcb13a4fc767de42489aace2711c2c6fd	633a9e37f1c796ac81c203dc107025e7e65385f0	config: gate storage-class DDL and transition status (#71551)
356	372a0fdc69c5d66e352dbce3701e97508c87fb84	8936d7bdcb13a4fc767de42489aace2711c2c6fd	*: update client-go to latest master (#71608)
357	fa3d56e6c653e6ed4005331ea347a4bc158b62e9	372a0fdc69c5d66e352dbce3701e97508c87fb84	ddl: convert persisted region split policy bounds to column types (#71515)
358	46df29c960f60869f842165415644b29e172287f	fa3d56e6c653e6ed4005331ea347a4bc158b62e9	executor, server: report point-read scan details and IA cache hits (#71646)
359	4b2221cddfd81aae904573ab6a5c15e6c8351e6e	46df29c960f60869f842165415644b29e172287f	ddl, infoschema: add materialized view shadow-table cutover DDL (#71645)
